id,name,email,rut,created_at,updated_at
1,Brittany Klocko,lyndon_rempel@schumm-jaskolski.name,98750923-6,2022-10-21 01:45:23 UTC,2022-10-21 01:45:23 UTC
2,Moshe Brakus PhD,issac.russel@gottlieb.info,61306900-3,2022-10-21 01:45:23 UTC,2022-10-21 01:45:23 UTC
3,Fr. Leone Barrows,glory.ullrich@bins.name,26939239-8,2022-10-21 01:45:23 UTC,2022-10-21 01:45:23 UTC
4,Jacinto Fadel,rodrick.marquardt@wintheiser.name,60031992-2,2022-10-21 01:45:23 UTC,2022-10-21 01:45:23 UTC
5,Barbar Sanford,berry@green.io,12719242-1,2022-10-21 01:45:23 UTC,2022-10-21 01:45:23 UTC
6,Shannon Kuhn,hal_stoltenberg@durgan.co,52453338-3,2022-10-21 01:45:23 UTC,2022-10-21 01:45:23 UTC
7,Dolores Koepp,dani.kuhn@douglas.org,61553124-3,2022-10-21 01:45:23 UTC,2022-10-21 01:45:23 UTC
8,Doria Balistreri,roscoe_graham@welch-prohaska.co,90586459-9,2022-10-21 01:45:23 UTC,2022-10-21 01:45:23 UTC
9,Fr. Richard Kunde,trinidad.pacocha@muller-schumm.info,84302960-4,2022-10-21 01:45:23 UTC,2022-10-21 01:45:23 UTC
10,Chong Ferry,vance_brown@thompson-ledner.name,78826934-k,2022-10-21 01:45:23 UTC,2022-10-21 01:45:23 UTC
11,Clora Mueller,christopher@wunsch-ritchie.info,57805563-0,2022-10-21 01:45:23 UTC,2022-10-21 01:45:23 UTC
12,Bryant Haley,newton.goodwin@vonrueden.io,10047453-0,2022-10-21 01:45:23 UTC,2022-10-21 01:45:23 UTC
13,Bruce Reynolds JD,katia@kunde.info,30948143-7,2022-10-21 01:45:23 UTC,2022-10-21 01:45:23 UTC
14,Tyree Heaney,dana_kshlerin@durgan.net,11471761-4,2022-10-21 01:45:23 UTC,2022-10-21 01:45:23 UTC
15,Suzette Weissnat,fae@ziemann.org,18298917-7,2022-10-21 01:45:23 UTC,2022-10-21 01:45:23 UTC
16,Alfonso Kris,odelia_barton@boyer-schamberger.org,66385640-5,2022-10-21 01:45:23 UTC,2022-10-21 01:45:23 UTC
17,Chad Dooley,mora.zieme@goldner.biz,1989173-9,2022-10-21 01:45:23 UTC,2022-10-21 01:45:23 UTC
18,Jimmy Monahan VM,an@ledner-becker.info,26658609-4,2022-10-21 01:45:23 UTC,2022-10-21 01:45:23 UTC
19,Gov. Vinnie Hilll,harry@parker-monahan.io,67758014-3,2022-10-21 01:45:23 UTC,2022-10-21 01:45:23 UTC
20,Jamaal Jacobson,odilia_cassin@emmerich.org,87753580-0,2022-10-21 01:45:23 UTC,2022-10-21 01:45:23 UTC
21,Chantel Fadel,mike@sipes.biz,38498937-3,2022-10-21 01:45:23 UTC,2022-10-21 01:45:23 UTC
22,Amb. Ty Bradtke,napoleon.ledner@haag-waelchi.net,61819576-7,2022-10-21 01:45:23 UTC,2022-10-21 01:45:23 UTC
23,Kirstin Labadie,mittie@kovacek-roob.io,72193785-2,2022-10-21 01:45:23 UTC,2022-10-21 01:45:23 UTC
24,Wilton Kozey PhD,mariano.rath@schulist.info,84607827-4,2022-10-21 01:45:23 UTC,2022-10-21 01:45:23 UTC
25,Traci Weissnat,tessie@dickens.net,4833177-7,2022-10-21 01:45:23 UTC,2022-10-21 01:45:23 UTC
26,Bo Ernser V,hana@roob-wisoky.co,57658082-7,2022-10-21 01:45:23 UTC,2022-10-21 01:45:23 UTC
27,Ms. Kit Hand,tillie_christiansen@reilly.info,26778642-9,2022-10-21 01:45:23 UTC,2022-10-21 01:45:23 UTC
28,Miss Wilhelmina MacGyver,leslie@walker.net,10198499-0,2022-10-21 01:45:23 UTC,2022-10-21 01:45:23 UTC
29,Dorinda Fay,delinda.stanton@hills.biz,92992904-7,2022-10-21 01:45:23 UTC,2022-10-21 01:45:23 UTC
30,Alfred Heller IV,felisa_goyette@mccullough.org,75524262-4,2022-10-21 01:45:23 UTC,2022-10-21 01:45:23 UTC
31,Carson Gusikowski,gerry@rippin.com,38503931-k,2022-10-21 01:45:23 UTC,2022-10-21 01:45:23 UTC
32,Rep. Tuan Graham,clark.lesch@hahn.biz,42801198-8,2022-10-21 01:45:23 UTC,2022-10-21 01:45:23 UTC
33,Mr. Sharita Schamberger,edwin_wiza@armstrong.name,93837987-4,2022-10-21 01:45:23 UTC,2022-10-21 01:45:23 UTC
34,Wilmer Beer III,louis@damore-schaden.co,80155332-k,2022-10-21 01:45:23 UTC,2022-10-21 01:45:23 UTC
35,Mrs. Nicolas Altenwerth,olivia@hirthe.biz,23930984-4,2022-10-21 01:45:23 UTC,2022-10-21 01:45:23 UTC
36,Karol Johnson,willia.hackett@ryan.info,53363404-4,2022-10-21 01:45:23 UTC,2022-10-21 01:45:23 UTC
37,Jesusa Bernier,bobby.lowe@bruen.net,7102173-4,2022-10-21 01:45:23 UTC,2022-10-21 01:45:23 UTC
38,Randi Kuhic,luis_kris@rau-moen.io,32843745-7,2022-10-21 01:45:23 UTC,2022-10-21 01:45:23 UTC
39,Francesca Berge,kimberli@luettgen-brown.biz,69800140-2,2022-10-21 01:45:23 UTC,2022-10-21 01:45:23 UTC
40,Billy Legros,orlando@dietrich.net,20568697-5,2022-10-21 01:45:23 UTC,2022-10-21 01:45:23 UTC
41,Milton Abbott,sidney@kling.co,3125354-3,2022-10-21 01:45:23 UTC,2022-10-21 01:45:23 UTC
42,Eusebia Homenick,alfonzo_zieme@rutherford-hansen.org,97663674-0,2022-10-21 01:45:23 UTC,2022-10-21 01:45:23 UTC
43,Maryrose Runte,richard@beer.com,64413145-9,2022-10-21 01:45:23 UTC,2022-10-21 01:45:23 UTC
44,Shasta Kirlin,billy.kub@feest-macejkovic.co,8411883-4,2022-10-21 01:45:23 UTC,2022-10-21 01:45:23 UTC
45,Mark Metz,marie_mcglynn@feil.info,16514877-0,2022-10-21 01:45:23 UTC,2022-10-21 01:45:23 UTC
46,Elissa Ledner,abram_parker@adams.org,33942384-9,2022-10-21 01:45:23 UTC,2022-10-21 01:45:23 UTC
47,Chong Quitzon,isidro_abbott@mraz-schowalter.info,53215075-2,2022-10-21 01:45:23 UTC,2022-10-21 01:45:23 UTC
48,Kip Aufderhar,omer@macgyver.io,12138391-8,2022-10-21 01:45:23 UTC,2022-10-21 01:45:23 UTC
49,Tobias Oberbrunner,man.bins@cassin-pagac.net,63446855-2,2022-10-21 01:45:23 UTC,2022-10-21 01:45:23 UTC
50,Marlon Morissette,alethia@murazik-powlowski.io,8351245-8,2022-10-21 01:45:23 UTC,2022-10-21 01:45:23 UTC
51,Mariella Hackett,twila@graham-connelly.io,50676914-0,2022-10-21 01:45:23 UTC,2022-10-21 01:45:23 UTC
52,Kathey Kuhn II,lashanda_davis@gibson.com,39367797-k,2022-10-21 01:45:23 UTC,2022-10-21 01:45:23 UTC
53,Werner Boyle,yon@considine.org,9451337-5,2022-10-21 01:45:23 UTC,2022-10-21 01:45:23 UTC
54,Corrine Reynolds,robert_feest@wiza.net,69790583-9,2022-10-21 01:45:23 UTC,2022-10-21 01:45:23 UTC
55,Ronny Dickinson,man.stoltenberg@stiedemann.org,62671672-5,2022-10-21 01:45:23 UTC,2022-10-21 01:45:23 UTC
56,Amb. Maricruz Veum,casey.larson@mueller.biz,51913178-1,2022-10-21 01:45:23 UTC,2022-10-21 01:45:23 UTC
57,Raleigh Wehner Esq.,alexander@hamill.biz,31299028-8,2022-10-21 01:45:23 UTC,2022-10-21 01:45:23 UTC
58,Fr. Yvette Friesen,jenna.krajcik@waelchi.info,24210749-7,2022-10-21 01:45:23 UTC,2022-10-21 01:45:23 UTC
59,Guillermina Moen,chong_ferry@waelchi-padberg.name,93900039-9,2022-10-21 01:45:23 UTC,2022-10-21 01:45:23 UTC
60,Josette Heathcote,jesusa@lindgren.com,80170222-8,2022-10-21 01:45:23 UTC,2022-10-21 01:45:23 UTC
61,Kit Denesik,carlos.howe@okuneva.io,35393865-7,2022-10-21 01:45:23 UTC,2022-10-21 01:45:23 UTC
62,Fr. Pasquale Blanda,maynard@smitham.net,13579173-3,2022-10-21 01:45:23 UTC,2022-10-21 01:45:23 UTC
63,Javier Keebler,yolando@kuvalis-mertz.io,61658869-9,2022-10-21 01:45:23 UTC,2022-10-21 01:45:23 UTC
64,Kareem Weber,kemberly.romaguera@barton-heller.com,74052985-4,2022-10-21 01:45:23 UTC,2022-10-21 01:45:23 UTC
65,Keira Ondricka,zola@zemlak-jacobson.biz,67800621-1,2022-10-21 01:45:23 UTC,2022-10-21 01:45:23 UTC
66,Roberto Schaden DVM,kendrick@hand.net,64445751-6,2022-10-21 01:45:23 UTC,2022-10-21 01:45:23 UTC
67,Prof. Reggie Rutherford,amy@turner.biz,95268888-k,2022-10-21 01:45:23 UTC,2022-10-21 01:45:23 UTC
68,Yajaira Hickle,neal@barton.com,36532022-5,2022-10-21 01:45:23 UTC,2022-10-21 01:45:23 UTC
69,Amb. Van Halvorson,lily@stroman.io,55471391-2,2022-10-21 01:45:23 UTC,2022-10-21 01:45:23 UTC
70,Torrie Metz V,guillermina.damore@stark.com,10822814-8,2022-10-21 01:45:23 UTC,2022-10-21 01:45:23 UTC
71,Alycia Mraz,tish.adams@spencer.com,47149071-7,2022-10-21 01:45:23 UTC,2022-10-21 01:45:23 UTC
72,Dion Kshlerin,tajuana.schmitt@welch.net,27259197-0,2022-10-21 01:45:23 UTC,2022-10-21 01:45:23 UTC
73,Elroy Maggio,steven.abshire@pfannerstill-hagenes.org,46571160-4,2022-10-21 01:45:23 UTC,2022-10-21 01:45:23 UTC
74,Dr. Delores Gulgowski,kerstin@rempel-bahringer.org,84445004-4,2022-10-21 01:45:23 UTC,2022-10-21 01:45:23 UTC
75,Shantae Ryan PhD,tanesha.altenwerth@klocko.info,15135763-6,2022-10-21 01:45:23 UTC,2022-10-21 01:45:23 UTC
76,Lonna Hodkiewicz Ret.,olen.dibbert@roob-dubuque.info,10569320-6,2022-10-21 01:45:23 UTC,2022-10-21 01:45:23 UTC
77,Emogene Streich,denita.gislason@senger.biz,79655365-0,2022-10-21 01:45:23 UTC,2022-10-21 01:45:23 UTC
78,Richard Dach,ava@kuvalis.org,91312343-3,2022-10-21 01:45:23 UTC,2022-10-21 01:45:23 UTC
79,Edmund Casper,edward.jakubowski@grady.biz,17486878-6,2022-10-21 01:45:23 UTC,2022-10-21 01:45:23 UTC
80,Savanna Harvey V,karie.krajcik@ferry.co,42106078-9,2022-10-21 01:45:23 UTC,2022-10-21 01:45:23 UTC
81,Eli Hegmann JD,jarod@mckenzie.name,1656671-3,2022-10-21 01:45:23 UTC,2022-10-21 01:45:23 UTC
82,Sanford Bailey,tyree_kilback@mitchell.info,21845218-3,2022-10-21 01:45:23 UTC,2022-10-21 01:45:23 UTC
83,Adrienne Smith,louetta@bode.io,57641756-k,2022-10-21 01:45:23 UTC,2022-10-21 01:45:23 UTC
84,Richie Dare,long@williamson.info,13245696-8,2022-10-21 01:45:23 UTC,2022-10-21 01:45:23 UTC
85,Piedad Weissnat I,cora@okeefe.io,69551130-2,2022-10-21 01:45:23 UTC,2022-10-21 01:45:23 UTC
86,Delois Ullrich,lashonda.windler@herman.com,19651515-1,2022-10-21 01:45:23 UTC,2022-10-21 01:45:23 UTC
87,Linnea Rempel,leland@bergstrom-bahringer.net,30319320-0,2022-10-21 01:45:23 UTC,2022-10-21 01:45:23 UTC
88,The Hon. Theron Bogan,kelvin_keebler@rogahn-abernathy.com,32356072-2,2022-10-21 01:45:23 UTC,2022-10-21 01:45:23 UTC
89,Patrick Emmerich,brooks.fadel@ruecker.net,81500098-6,2022-10-21 01:45:23 UTC,2022-10-21 01:45:23 UTC
90,Tanner Rowe,christina@dare.org,20606265-7,2022-10-21 01:45:23 UTC,2022-10-21 01:45:23 UTC
91,Veronika Witting,avery@romaguera-hilll.co,36286070-9,2022-10-21 01:45:23 UTC,2022-10-21 01:45:23 UTC
92,Sheryl Willms,aurea@dietrich.io,69055694-4,2022-10-21 01:45:23 UTC,2022-10-21 01:45:23 UTC
93,Fr. Anamaria Weber,homer_weimann@waelchi.com,4790691-1,2022-10-21 01:45:23 UTC,2022-10-21 01:45:23 UTC
94,Dudley Torp II,solange_kuvalis@sporer.info,11950831-2,2022-10-21 01:45:23 UTC,2022-10-21 01:45:23 UTC
95,Hilario Quigley,elwood_feest@dare.org,69069690-8,2022-10-21 01:45:23 UTC,2022-10-21 01:45:23 UTC
96,Rep. Estelle Lueilwitz,sage.aufderhar@cummings-wisozk.net,56437579-9,2022-10-21 01:45:23 UTC,2022-10-21 01:45:23 UTC
97,Leon Collier,shantell_funk@kessler.info,78037948-0,2022-10-21 01:45:23 UTC,2022-10-21 01:45:23 UTC
98,Reynaldo Mraz,diann_hoeger@mcdermott-hoppe.biz,21217066-6,2022-10-21 01:45:23 UTC,2022-10-21 01:45:23 UTC
99,Woodrow Bode,odis_schimmel@goodwin.co,26844511-0,2022-10-21 01:45:23 UTC,2022-10-21 01:45:23 UTC
100,Willie Morar,dewayne.kulas@powlowski.name,87030560-5,2022-10-21 01:45:23 UTC,2022-10-21 01:45:23 UTC
101,Ms. Sung Runolfsdottir,jamaal@witting.biz,65244261-7,2022-10-21 01:45:23 UTC,2022-10-21 01:45:23 UTC
102,Erick McLaughlin,soila@jones-gutmann.net,23277458-4,2022-10-21 01:45:23 UTC,2022-10-21 01:45:23 UTC
103,Clair Morissette,ned@metz.co,14677441-5,2022-10-21 01:45:23 UTC,2022-10-21 01:45:23 UTC
104,Ellyn Hane,dewey@nikolaus-russel.info,91199914-5,2022-10-21 01:45:23 UTC,2022-10-21 01:45:23 UTC
105,Digna Rath,erin@mccullough-morar.org,73537404-4,2022-10-21 01:45:23 UTC,2022-10-21 01:45:23 UTC
106,Gregorio Bednar,keith@witting-lynch.io,67284075-9,2022-10-21 01:45:23 UTC,2022-10-21 01:45:23 UTC
107,Leoma Langosh PhD,william@auer-marvin.biz,79557591-k,2022-10-21 01:45:23 UTC,2022-10-21 01:45:23 UTC
108,Jan Hand JD,felecia@renner-hagenes.info,61279200-3,2022-10-21 01:45:23 UTC,2022-10-21 01:45:23 UTC
109,Pasty Kris Jr.,mason@crooks-watsica.org,72045464-5,2022-10-21 01:45:23 UTC,2022-10-21 01:45:23 UTC
110,Sophie Paucek PhD,devon_batz@bogisich-monahan.io,97163884-2,2022-10-21 01:45:23 UTC,2022-10-21 01:45:23 UTC
111,Alesia Green,sol.weimann@hayes.org,7334901-k,2022-10-21 01:45:23 UTC,2022-10-21 01:45:23 UTC
112,Barbra Pollich,yelena_macejkovic@blanda-williamson.net,42778076-7,2022-10-21 01:45:23 UTC,2022-10-21 01:45:23 UTC
113,Fr. Keith Gerhold,juan@erdman.name,89124711-7,2022-10-21 01:45:23 UTC,2022-10-21 01:45:23 UTC
114,Tyler Stokes,diedre@fisher.com,11045633-6,2022-10-21 01:45:23 UTC,2022-10-21 01:45:23 UTC
115,Janette Stoltenberg,tommie_larson@brakus.biz,12670380-5,2022-10-21 01:45:24 UTC,2022-10-21 01:45:24 UTC
116,Thelma Ankunding,yon@rath-okon.org,79837564-4,2022-10-21 01:45:24 UTC,2022-10-21 01:45:24 UTC
117,Donya Gusikowski,patricia@quigley.net,51173179-8,2022-10-21 01:45:24 UTC,2022-10-21 01:45:24 UTC
118,Vance Cassin,cheyenne.leuschke@wisoky.com,74085474-7,2022-10-21 01:45:24 UTC,2022-10-21 01:45:24 UTC
119,Nolan Lynch,jeremy@kuhn-hodkiewicz.io,46573028-5,2022-10-21 01:45:24 UTC,2022-10-21 01:45:24 UTC
120,Kirsten Ziemann,julian.greenholt@senger.net,93644761-9,2022-10-21 01:45:24 UTC,2022-10-21 01:45:24 UTC
121,Zula Hayes II,chance_franecki@brekke-feil.name,31216359-4,2022-10-21 01:45:24 UTC,2022-10-21 01:45:24 UTC
122,Irwin Baumbach,enrique.tromp@doyle.biz,30822201-2,2022-10-21 01:45:24 UTC,2022-10-21 01:45:24 UTC
123,Lawrence Ledner,lashawn@thompson.com,24795222-5,2022-10-21 01:45:24 UTC,2022-10-21 01:45:24 UTC
124,Avery Borer,junior@kub-grimes.name,20681938-3,2022-10-21 01:45:24 UTC,2022-10-21 01:45:24 UTC
125,Lorinda Lueilwitz,herb@green.com,31099208-9,2022-10-21 01:45:24 UTC,2022-10-21 01:45:24 UTC
126,Shelly Mosciski II,berniece@schiller-marks.net,60332191-k,2022-10-21 01:45:24 UTC,2022-10-21 01:45:24 UTC
127,Marcel Mayert,william.monahan@schinner.info,65304697-9,2022-10-21 01:45:24 UTC,2022-10-21 01:45:24 UTC
128,Etha Veum,craig.grant@littel.info,83027288-7,2022-10-21 01:45:24 UTC,2022-10-21 01:45:24 UTC
129,Ashely Braun,felipe.jacobs@jakubowski.io,5949852-5,2022-10-21 01:45:24 UTC,2022-10-21 01:45:24 UTC
130,Trevor Green,branden@aufderhar.co,11245869-7,2022-10-21 01:45:24 UTC,2022-10-21 01:45:24 UTC
131,Kristeen Balistreri,jacinto.bailey@gerhold-torp.net,95042579-2,2022-10-21 01:45:24 UTC,2022-10-21 01:45:24 UTC
132,Tommie Huels,mervin.rowe@vandervort-lubowitz.name,55608376-2,2022-10-21 01:45:24 UTC,2022-10-21 01:45:24 UTC
133,Mallory Adams,orlando_schinner@harvey-damore.info,85129374-4,2022-10-21 01:45:24 UTC,2022-10-21 01:45:24 UTC
134,Rosalina Ryan,carmel@kub.io,71964784-7,2022-10-21 01:45:24 UTC,2022-10-21 01:45:24 UTC
135,Mrs. Maureen Lemke,cameron@gislason-crona.io,40253576-8,2022-10-21 01:45:24 UTC,2022-10-21 01:45:24 UTC
136,Candace Champlin PhD,silvia@leannon.info,29168537-4,2022-10-21 01:45:24 UTC,2022-10-21 01:45:24 UTC
137,Christeen Lueilwitz,marci.pollich@ortiz-russel.name,5905950-5,2022-10-21 01:45:24 UTC,2022-10-21 01:45:24 UTC
138,Lenny Terry,kandra_konopelski@rath-stamm.org,97224670-0,2022-10-21 01:45:24 UTC,2022-10-21 01:45:24 UTC
139,Mitch Nienow II,ona.glover@haley.co,79232916-0,2022-10-21 01:45:24 UTC,2022-10-21 01:45:24 UTC
140,Ollie Gutkowski III,vaughn@schulist.com,87384488-4,2022-10-21 01:45:24 UTC,2022-10-21 01:45:24 UTC
141,Mrs. Royal Pouros,jacqulyn@davis.biz,82572229-7,2022-10-21 01:45:24 UTC,2022-10-21 01:45:24 UTC
142,Sharmaine Abernathy,foster.gleason@treutel.info,93372041-1,2022-10-21 01:45:24 UTC,2022-10-21 01:45:24 UTC
143,Magen White,norbert.kling@cummerata.name,23593741-7,2022-10-21 01:45:24 UTC,2022-10-21 01:45:24 UTC
144,Anton Mills,shon_doyle@luettgen.io,41245272-0,2022-10-21 01:45:24 UTC,2022-10-21 01:45:24 UTC
145,Lupe Mante,laurene_erdman@mante-schumm.io,84710223-3,2022-10-21 01:45:24 UTC,2022-10-21 01:45:24 UTC
146,Joseph Boehm,kim.fahey@willms-ryan.org,56366866-0,2022-10-21 01:45:24 UTC,2022-10-21 01:45:24 UTC
147,The Hon. Van Cole,shavonda@ledner.net,2592536-k,2022-10-21 01:45:24 UTC,2022-10-21 01:45:24 UTC
148,Antonetta Jacobs,garfield_klein@gottlieb-cronin.name,75211737-3,2022-10-21 01:45:24 UTC,2022-10-21 01:45:24 UTC
149,Denise Hegmann,eboni@robel.info,5432019-1,2022-10-21 01:45:24 UTC,2022-10-21 01:45:24 UTC
150,Deeanna Leffler,lottie@adams.io,71415950-k,2022-10-21 01:45:24 UTC,2022-10-21 01:45:24 UTC
